{
    "1145944873149661275": [
        {
            "id": 114406,
            "reason": "dsa",
            "timestamp": "2023-10-28T03:33:21.177Z",
            "moderator": "1145944873149661275"
        }
    ],
    "1164746186465476648": [],
    "1042548755687276574": [
        {
            "id": 651382,
            "reason": "Nigga waa",
            "timestamp": "2023-10-27T01:21:06.807Z",
            "moderator": "1145944873149661275"
        },
        {
            "id": 803144,
            "reason": "Test",
            "timestamp": "2023-10-27T01:21:20.678Z",
            "moderator": "1145944873149661275"
        }
    ],
    "986356134866722846": [],
    "561379513536217099": [
        {
            "id": 402023,
            "reason": "Nigga waa",
            "timestamp": "2023-10-28T04:10:00.228Z",
            "moderator": "1145944873149661275"
        }
    ],
    "485507505653415952": [],
    "707393190659096707": [
        {
            "id": 683932,
            "reason": "Test",
            "timestamp": "2024-07-13T21:48:02.802Z",
            "moderator": "707393190659096707"
        },
        {
            "id": 567795,
            "reason": "test",
            "timestamp": "2024-07-13T21:48:21.135Z",
            "moderator": "707393190659096707"
        },
        {
            "id": 951186,
            "reason": "test",
            "timestamp": "2024-07-13T21:48:23.132Z",
            "moderator": "707393190659096707"
        },
        {
            "id": 183374,
            "reason": "test",
            "timestamp": "2024-07-13T21:48:27.784Z",
            "moderator": "707393190659096707"
        }
    ]
}